image,caption
VizWiz_test_00007031.jpg,A container of macaroni and cheese is on top of a tablecloth.
VizWiz_test_00007032.jpg,"Quality issues are too severe to recognize visual content, it's too blurry to tell what it is."
VizWiz_test_00007033.jpg,Quality issues are too severe to recognize visual content.
VizWiz_test_00007034.jpg,A package of food is on top of the table.
VizWiz_test_00007035.jpg,A computer screen with a picture of a man on it and a man in a white shirt.
VizWiz_test_00007036.jpg,A black and white cat is laying on a white tile floor.
VizWiz_test_00007037.jpg,A package of food is on top of the table.
VizWiz_test_00007038.jpg,A bottle of lotion is on top of a table.
VizWiz_test_00007039.jpg,A white piece of paper with a barcode on it.
VizWiz_test_00007040.jpg,Quality issues are too severe to recognize visual content.
VizWiz_test_00007041.jpg,A blue and white electronic device with a blue screen and a blue button on it.
VizWiz_test_00007042.jpg,A package of food is lying on top of a table.
VizWiz_test_00007043.jpg,A red and white can of Coca Cola sitting on a white surface.
VizWiz_test_00007044.jpg,A green bottle of soda is sitting on a table.
VizWiz_test_00007045.jpg,A blue plastic container with a blue lid and blue lettering.
VizWiz_test_00007046.jpg,"Quality issues are too severe to recognize visual content, it's too blurry to tell what it is, and it's impossible to determine what the object is, but it looks like it could be some sort of electronic device or something."
VizWiz_test_00007047.jpg,A bottle of Samuel Adams beer is on a table.
VizWiz_test_00007048.jpg,A table with a tablecloth and a box of tissues on it.
VizWiz_test_00007049.jpg,A can of food is on top of the table.
VizWiz_test_00007050.jpg,A blue and white striped button up shirt with a blue and yellow striped button down shirt.
VizWiz_test_00007051.jpg,A bottle of beer is on top of a table.
VizWiz_test_00007052.jpg,A black cell phone is on top of a bed.
VizWiz_test_00007053.jpg,"Quality issues are too severe to recognize visual content, it's too blurry to tell what it is."
VizWiz_test_00007054.jpg,A screenshot of a computer screen with a captcha on it.
VizWiz_test_00007055.jpg,"Quality issues are too severe to recognize visual content, it's too blurry to tell what it is."
VizWiz_test_00007056.jpg,"Quality issues are too severe to recognize visual content, it's just a picture of a house with trees and a house in the background."
VizWiz_test_00007057.jpg,A person is holding a package of meat in their hand.
VizWiz_test_00007058.jpg,A silver and black coffee mug with a black handle and a black lid on a countertop with a white coffee maker on it.
VizWiz_test_00007059.jpg,A screenshot of a phone screen with a captcha on it.
VizWiz_test_00007060.jpg,"Quality issues are too severe to recognize visual content, it's too blurry to read what it says."
VizWiz_test_00007061.jpg,A can of food is on top of a white counter.
VizWiz_test_00007062.jpg,"Quality issues are too severe to recognize visual content, it's too blurry to tell what it is, and I can't tell what the object is."
VizWiz_test_00007063.jpg,Quality issues are too severe to recognize visual content.
VizWiz_test_00007064.jpg,A magazine with a picture of a man on the cover.
VizWiz_test_00007065.jpg,"Quality issues are too severe to recognize visual content, it's too blurry to read what it is."
VizWiz_test_00007066.jpg,A person is holding a white card with a barcode on it.
VizWiz_test_00007067.jpg,"Quality issues are too severe to recognize visual content, it's just a picture of a flower on a green blanket or blanket."
VizWiz_test_00007068.jpg,A pair of white pants are on top of a bed.
VizWiz_test_00007069.jpg,A lamp is on top of a table with a lamp on the side.
VizWiz_test_00007070.jpg,"Quality issues are too severe to recognize visual content, it's too blurry to tell what it is."
VizWiz_test_00007071.jpg,"Quality issues are too severe to recognize visual content, it's too blurry to tell what it is."
VizWiz_test_00007072.jpg,A remote control is on top of a bed.
VizWiz_test_00007073.jpg,A box of hamburger helper sandwiches is on the floor.
VizWiz_test_00007074.jpg,A living room with a dog and a couch in the background.
VizWiz_test_00007075.jpg,"Quality issues are too severe to recognize visual content, it's too blurry to tell what it is."
VizWiz_test_00007076.jpg,A piece of paper currency is on top of a wooden table.
VizWiz_test_00007077.jpg,"A living room with a TV, a DVD player, a stereo, and a DVD case."
VizWiz_test_00007078.jpg,A package of food is lying on top of a table.
VizWiz_test_00007079.jpg,A can of food is on top of the table.
VizWiz_test_00007080.jpg,A black computer mouse is on top of a white surface.
VizWiz_test_00007081.jpg,A package of red peppermint tea is on top of a counter top.
VizWiz_test_00007082.jpg,"Quality issues are too severe to recognize visual content, it's just a picture of a computer screen with a black background and a white background with a white lettering on it."
VizWiz_test_00007083.jpg,A black electronic device with a digital display and a digital screen.
VizWiz_test_00007084.jpg,"Quality issues are too severe to recognize visual content, it's just a blue screen with a blue background and a white background with a white textured background."
VizWiz_test_00007085.jpg,A box of hot dogs is on top of a table.
VizWiz_test_00007086.jpg,A box of frozen food is on top of the table.
VizWiz_test_00007087.jpg,A person is holding a box of food in front of a computer screen.
VizWiz_test_00007088.jpg,"Quality issues are too severe to recognize visual content, it's too blurry to tell what the object is, and the color is too dark to recognize what it is, but it is too close to the camera to tell the object's color, and there is too much of a white knob to make the image."
VizWiz_test_00007089.jpg,A twenty dollar bill sitting on a granite counter top.
VizWiz_test_00007090.jpg,A person is holding up a package of baby wipes.
VizWiz_test_00007091.jpg,A picture of the food is on the packaging and is on top of a tablecloth.
VizWiz_test_00007092.jpg,"Quality issues are too severe to recognize visual content, it's just a picture of a hand holding a small, round object with a red, green, and yellow band around it."
VizWiz_test_00007093.jpg,A red and white toy car is on top of a table.
VizWiz_test_00007094.jpg,A red pen with a red cap is on a table.
VizWiz_test_00007095.jpg,"Quality issues are too severe to recognize visual content, it's too blurry to tell what it is, and the image is too blurred to identify what it was."
VizWiz_test_00007096.jpg,A box of dog treats is on the lap of a person wearing a white t-shirt and a black and white dog collar.
VizWiz_test_00007097.jpg,A package of beef jerky is on top of a table.
VizWiz_test_00007098.jpg,A can of food is on top of a wooden table.
VizWiz_test_00007099.jpg,The back of a pink box with a picture of a dog on the front.
VizWiz_test_00007100.jpg,"Quality issues are too severe to recognize visual content, it's too blurry to read what it is."
VizWiz_test_00007101.jpg,The back of a box of food showing the cooking instructions.
VizWiz_test_00007102.jpg,A person is wearing a red shirt and is wearing red pants.
VizWiz_test_00007103.jpg,"Quality issues are too severe to recognize visual content, it's just a picture of a flower with green leaves and green leaves."
VizWiz_test_00007104.jpg,A bottle of hand sanitizer is on top of a wooden table.
VizWiz_test_00007105.jpg,"Quality issues are too severe to recognize visual content, it's too blurry to read anything else."
VizWiz_test_00007106.jpg,"Quality issues are too severe to recognize visual content, it's too blurry to tell what's in the image."
VizWiz_test_00007107.jpg,"Quality issues are too severe to recognize visual content, it's too blurry to tell what it is, and it's hard to tell if it's a ball of yarn or a piece of fabric, or a blanket, or something else, it could be a blanket or blanket, but I can't tell what the object is, but it looks like it could possibly be a pillow, or some other blanket, maybe a blanket with a lot of wrinkles in it."
VizWiz_test_00007108.jpg,A close up of a man's face with a black and white logo.
VizWiz_test_00007109.jpg,A car is parked in a parking lot in front of a building with a white car parked in the background.
VizWiz_test_00007110.jpg,"Quality issues are too severe to recognize visual content, it's just a picture of a room with a TV in the background."
VizWiz_test_00007111.jpg,A can of food is on top of a table.
VizWiz_test_00007112.jpg,"Quality issues are too severe to recognize visual content, it's too cluttered to read anything else."
VizWiz_test_00007113.jpg,"Quality issues are too severe to recognize visual content, it's too close to the camera to see anything else, and the light is too far away to tell what the object is."
VizWiz_test_00007114.jpg,A bag of chips is on top of a table.
VizWiz_test_00007115.jpg,"Quality issues are too severe to recognize visual content, it's just a reflection of a white wall or a ceiling."
VizWiz_test_00007116.jpg,A screenshot of a computer screen showing a math problem.
VizWiz_test_00007117.jpg,A Keurig coffee pod is on top of a counter.
VizWiz_test_00007118.jpg,Quality issues are too severe to recognize visual content.
VizWiz_test_00007119.jpg,A black and white dog laying on a white tile floor.
VizWiz_test_00007120.jpg,A bottle of hand sanitizer is sitting on a green table.
VizWiz_test_00007121.jpg,A black remote control is on a wooden table.
VizWiz_test_00007122.jpg,"Quality issues are too severe to recognize visual content, it's just a blur of light and nothing else is in the picture."
VizWiz_test_00007123.jpg,A necklace is laying on top of a person's lap.
VizWiz_test_00007124.jpg,"Quality issues are too severe to recognize visual content, it's too blurry to tell what it is, and the image is too blurred to tell anything else in the image."
VizWiz_test_00007125.jpg,A box of frozen dinner is on top of the table.
VizWiz_test_00007126.jpg,"Quality issues are too severe to recognize visual content, it's too blurry to tell what it is."
VizWiz_test_00007127.jpg,A bottle of lotion is on top of a table.
VizWiz_test_00007128.jpg,A person is wearing a blue and white striped polo shirt with a white and blue stripe.
VizWiz_test_00007129.jpg,A box of pills is on top of a table.
VizWiz_test_00007130.jpg,A person is holding a can of soup in their hand.
VizWiz_test_00007131.jpg,A red book with a picture of a woman on the cover.
VizWiz_test_00007132.jpg,A container of Green Mountain Coffee is on top of a counter.
VizWiz_test_00007133.jpg,A bottle of lemon juice is on top of a table.
VizWiz_test_00007134.jpg,A piece of fabric with a floral pattern on it.
VizWiz_test_00007135.jpg,"Quality issues are too severe to recognize visual content, it's too blurry to tell what it is, it just looks like it's a white wall or something else."
VizWiz_test_00007136.jpg,Quality issues are too severe to recognize visual content.
VizWiz_test_00007137.jpg,"Quality issues are too severe to recognize visual content, it's too blurry to tell what it is."
VizWiz_test_00007138.jpg,A person is standing on a wooden table with a wooden chair in the background.
VizWiz_test_00007139.jpg,"Quality issues are too severe to recognize visual content, it's too blurry to read what it says."
VizWiz_test_00007140.jpg,"Quality issues are too severe to recognize visual content, it's too blurry to tell what it is."
VizWiz_test_00007141.jpg,"Quality issues are too severe to recognize visual content, it's too blurry to tell what it is."
VizWiz_test_00007142.jpg,Quality issues are too severe to recognize visual content.
VizWiz_test_00007143.jpg,Quality issues are too severe to recognize visual content.
VizWiz_test_00007144.jpg,A person is holding a white bottle of some sort of medicine with a white label on it.
VizWiz_test_00007145.jpg,"Quality issues are too severe to recognize visual content, it's just a picture of a phone."
VizWiz_test_00007146.jpg,A black leather wallet is on top of a wooden table.
VizWiz_test_00007147.jpg,"Quality issues are too severe to recognize visual content, it's too blurry to tell what it is."
VizWiz_test_00007148.jpg,A box of food is on top of a person's lap.
VizWiz_test_00007149.jpg,"Quality issues are too severe to recognize visual content, it's too blurry to tell what it is."
VizWiz_test_00007150.jpg,The back of a white bottle with a barcode on it.
VizWiz_test_00007151.jpg,A white crock pot with a red knob and a white label.
VizWiz_test_00007152.jpg,"Quality issues are too severe to recognize visual content, it's too blurry to tell what it is."
VizWiz_test_00007153.jpg,A living room with a couch and a couch in the background.
VizWiz_test_00007154.jpg,A package of gum is on top of a table.
VizWiz_test_00007155.jpg,A can of soup is on top of a tablecloth.
VizWiz_test_00007156.jpg,A silver crock pot with a red lid is on a white countertop.
VizWiz_test_00007157.jpg,A children's book is on a wooden table.
VizWiz_test_00007158.jpg,A bottle of lotion is on top of a table.
VizWiz_test_00007159.jpg,A piece of paper with a picture of a bird on it.
VizWiz_test_00007160.jpg,"Quality issues are too severe to recognize visual content, it's too blurry to tell what it is, and it's not clear what the object is, but it looks like it could be some kind of fabric or fabric."
VizWiz_test_00007161.jpg,A bottle of cream is on top of a wooden table.
VizWiz_test_00007162.jpg,A bottle of body lotion is on top of a table.
VizWiz_test_00007163.jpg,"A container / package that contains various goods / edible / liquid items, including /utility / liquid / goods."
VizWiz_test_00007164.jpg,"Quality issues are too severe to recognize visual content, it's too blurry to see what it is."
VizWiz_test_00007165.jpg,"Quality issues are too severe to recognize visual content, it's too blurry to read what it says."
VizWiz_test_00007166.jpg,"Quality issues are too severe to recognize visual content, it's too blurry to read what it is."
VizWiz_test_00007167.jpg,A bottle of lotion is on top of a table.
VizWiz_test_00007168.jpg,A cup of coffee is sitting on a desk next to a computer.
VizWiz_test_00007169.jpg,"Quality issues are too severe to recognize visual content, it's too blurry to read what it is."
VizWiz_test_00007170.jpg,A PlayStation 2 game case for the PlayStation 2 is on a person's lap.
VizWiz_test_00007171.jpg,"Quality issues are too severe to recognize visual content, it's just a reflection of something else."
VizWiz_test_00007172.jpg,A box of frozen food is on top of the counter.
VizWiz_test_00007173.jpg,A can of soup is on top of a counter.
VizWiz_test_00007174.jpg,"A DVD cover of a movie called ""The Big Bang Theory""."
VizWiz_test_00007175.jpg,A person is wearing a pair of black pants and is wearing white socks.
VizWiz_test_00007176.jpg,A white packet of medicine is on top of a wooden table.
VizWiz_test_00007177.jpg,Quality issues are too severe to recognize visual content.
VizWiz_test_00007178.jpg,A person is holding a clear plastic container with a red label.
VizWiz_test_00007179.jpg,A can of tomato sauce is on top of a white stove.
VizWiz_test_00007180.jpg,A black electronic device is sitting on top of a white wall.
VizWiz_test_00007181.jpg,A person is holding up a piece of paper with a picture of a woman in a dress and a man in a red shirt with a red and white lettering on it.
VizWiz_test_00007182.jpg,A book with a picture of a woman on the cover and a man on the front.
VizWiz_test_00007183.jpg,A can of Campbell's chicken noodle soup sitting on a wooden table.
VizWiz_test_00007184.jpg,"Quality issues are too severe to recognize visual content, it's too blurry to see anything else."
VizWiz_test_00007185.jpg,A box of food is on top of the table.
VizWiz_test_00007186.jpg,A package with a pink and yellow cover with a cartoon character on it.
VizWiz_test_00007187.jpg,A close up of a silver keyboard with white keys and black keys.
VizWiz_test_00007188.jpg,"Quality issues are too severe to recognize visual content, it's just a grey piece of fabric."
VizWiz_test_00007189.jpg,A white piece of paper is on top of a wooden table.
VizWiz_test_00007190.jpg,A picture of the inside of a black and white plastic container with a white top and a black bottom with a red top and white bottom.
VizWiz_test_00007191.jpg,A black and silver earbuds on a black leather surface.
VizWiz_test_00007192.jpg,A blue and white dog is standing on a concrete floor.
VizWiz_test_00007193.jpg,"Quality issues are too severe to recognize visual content, it's too blurry to read what it is."
VizWiz_test_00007194.jpg,A person is holding a box of food in their hand.
VizWiz_test_00007195.jpg,"Quality issues are too severe to recognize visual content, it's too blurry to tell what it is, and the camera is too close to the camera to make out what appears to be a grassy area, but it looks like the grass is too thick to see anything."
VizWiz_test_00007196.jpg,A box of chocolate brownie mix is on top of a table.
VizWiz_test_00007197.jpg,A container of laundry detergent is on top of a table.
VizWiz_test_00007198.jpg,"Quality issues are too severe to recognize visual content, it's too blurry to tell what it is."
VizWiz_test_00007199.jpg,"Quality issues are too severe to recognize visual content, it's too blurry to tell what it is."
VizWiz_test_00007200.jpg,"Quality issues are too severe to recognize visual content, it's just a reflection of a dark background."
VizWiz_test_00007201.jpg,A black cell phone sitting on a wooden surface.
VizWiz_test_00007202.jpg,A package of food is on top of the table.
VizWiz_test_00007203.jpg,"Quality issues are too severe to recognize visual content, it's just a picture of a laptop."
VizWiz_test_00007204.jpg,A black chair with a white seatbelt and a black seatbelt.
VizWiz_test_00007205.jpg,A bottle of seasoning is on top of the table.
VizWiz_test_00007206.jpg,The back of a coupon for a restaurant meal.
VizWiz_test_00007207.jpg,Quality issues are too severe to recognize visual content.
VizWiz_test_00007208.jpg,"Quality issues are too severe to recognize visual content, it's just a picture of a blanket."
VizWiz_test_00007209.jpg,A TV is on top of a shelf with a DVD player and a TV on the shelf.
VizWiz_test_00007210.jpg,A view of a house with a green lawn and a blue sky.
VizWiz_test_00007211.jpg,A box of tissues is on top of a bed.
VizWiz_test_00007212.jpg,A dog is laying down on a bed with a couch in the background.
VizWiz_test_00007213.jpg,"Quality issues are too severe to recognize visual content, it's just a picture of a window with a window."
VizWiz_test_00007214.jpg,"Quality issues are too severe to recognize visual content, it's just a blur of light."
VizWiz_test_00007215.jpg,Quality issues are too severe to recognize visual content.
VizWiz_test_00007216.jpg,"Quality issues are too severe to recognize visual content, it's too blurry to see anything else."
VizWiz_test_00007217.jpg,"Quality issues are too severe to recognize visual content, it's just a reflection of a dark background."
VizWiz_test_00007218.jpg,A box of Kraft macaroni and cheese laying on a counter.
VizWiz_test_00007219.jpg,A screenshot of a computer screen with a captcha on it.
VizWiz_test_00007220.jpg,A box of milk is on top of the table.
VizWiz_test_00007221.jpg,A package of food is on top of a person's lap.
VizWiz_test_00007222.jpg,A box of food is on top of the counter.
VizWiz_test_00007223.jpg,A person is holding a box of medicine in their hand.
VizWiz_test_00007224.jpg,A black cordless phone sitting on a desk with a keyboard and other electronic devices.
VizWiz_test_00007225.jpg,A can of Campbell's cream of mushroom soup with a red and white label.
VizWiz_test_00007226.jpg,A person is standing in front of a door with a black handle and a black and white door handle.
VizWiz_test_00007227.jpg,A bottle of lotion is on top of a table.
VizWiz_test_00007228.jpg,A black remote control is on top of a person's lap.
VizWiz_test_00007229.jpg,A bag of hot pockets with a red and yellow label.
VizWiz_test_00007230.jpg,A person is holding a bracelet with a gold ring on it.
VizWiz_test_00007231.jpg,A can of food is on top of the table.
VizWiz_test_00007232.jpg,A TV screen with a man on it and a woman on the screen.
VizWiz_test_00007233.jpg,A person is holding a TV in their living room.
VizWiz_test_00007234.jpg,A white washing machine with a digital display on it.
VizWiz_test_00007235.jpg,A person is holding a bottle of cleaner in their hand.
VizWiz_test_00007236.jpg,A book cover with a picture of a man and a woman on the cover.
VizWiz_test_00007237.jpg,A person is holding a white and black electronic device with a black and white label.
VizWiz_test_00007238.jpg,"Quality issues are too severe to recognize visual content, it's too blurry to tell what it is."
VizWiz_test_00007239.jpg,A box of Marie Callender's frozen dinner sitting on a wooden table.
VizWiz_test_00007240.jpg,"Quality issues are too severe to recognize visual content, it's too blurry to tell what it is, and I can't tell what the object is, but it looks like someone is wearing a blue shirt."
VizWiz_test_00007241.jpg,A package of baby wipes is on top of a counter.
VizWiz_test_00007242.jpg,"Quality issues are too severe to recognize visual content, it's too blurry to read what it is, and too cluttered to read anything else in the room."
VizWiz_test_00007243.jpg,"Quality issues are too severe to recognize visual content, it's just a picture of a black screen."
VizWiz_test_00007244.jpg,A hand holding a can of green beans with a green label and a white and red label.
VizWiz_test_00007245.jpg,A bag of potato chips is on top of a bed.
VizWiz_test_00007246.jpg,"Quality issues are too severe to recognize visual content, it's just a picture of a green shirt with a green logo on the front."
VizWiz_test_00007247.jpg,"Quality issues are too severe to recognize visual content, it's too blurry to tell what it is."
VizWiz_test_00007248.jpg,"Quality issues are too severe to recognize visual content, it's too blurry to tell what it is."
VizWiz_test_00007249.jpg,A white piece of paper with a barcode on it.
VizWiz_test_00007250.jpg,A box of earbuds is on top of a wooden table.
VizWiz_test_00007251.jpg,A screenshot of a cell phone screen showing the time and date of the day.
VizWiz_test_00007252.jpg,A bottle of orange juice is on top of a table.
VizWiz_test_00007253.jpg,"Quality issues are too severe to recognize visual content, it's just a reflection of a cloudy sky with a few trees in the background."
VizWiz_test_00007254.jpg,A green lawn with a tree and trees in the background.
VizWiz_test_00007255.jpg,"Quality issues are too severe to recognize visual content, it's just a blur of light and nothing else."
VizWiz_test_00007256.jpg,A black and white book with a picture of a woman on the cover.
VizWiz_test_00007257.jpg,"Quality issues are too severe to recognize visual content, it's just a blur of light."
VizWiz_test_00007258.jpg,A package of food is on top of a table.
VizWiz_test_00007259.jpg,Quality issues are too severe to recognize visual content.
VizWiz_test_00007260.jpg,A red and white teddy bear is on top of a blue and white striped rug.
VizWiz_test_00007261.jpg,A stuffed animal is laying on the floor in front of a white wall.
VizWiz_test_00007262.jpg,"A person is holding up a DVD case for a movie called ""The Secret Life of Ronny Dancy""."
VizWiz_test_00007263.jpg,A package of meat is on top of a table.
VizWiz_test_00007264.jpg,A person is holding a bottle of lemonade in their hand.
VizWiz_test_00007265.jpg,A white t-shirt with a picture of a man on it.
VizWiz_test_00007266.jpg,A can of Campbell's cream of celery soup.
VizWiz_test_00007267.jpg,"Quality issues are too severe to recognize visual content, it's too blurry to tell what it is, and I can't tell what the object is."
VizWiz_test_00007268.jpg,A can of food is on top of the table.
VizWiz_test_00007269.jpg,A package of green tea is on top of a person's lap.
VizWiz_test_00007270.jpg,"Quality issues are too severe to recognize visual content, it's too blurry to tell what it is, and it's hard to tell if it's a pillow or pillow."
VizWiz_test_00007271.jpg,"Quality issues are too severe to recognize visual content, it's too blurry to read what it says."
VizWiz_test_00007272.jpg,A box of cereal is on top of the table.
VizWiz_test_00007273.jpg,A box of frozen food is on top of a table.
VizWiz_test_00007274.jpg,"Quality issues are too severe to recognize visual content, it's too blurry to read what it says."
VizWiz_test_00007275.jpg,Quality issues are too severe to recognize visual content.
VizWiz_test_00007276.jpg,A black dog is laying on the floor next to a white tile floor.
VizWiz_test_00007277.jpg,A box of Benadryl allergy relief tablets is on a white surface.
VizWiz_test_00007278.jpg,A green fabric with a flower design on it and a flower pattern on the front.
VizWiz_test_00007279.jpg,A silver and black microwave is on a wooden table.
VizWiz_test_00007280.jpg,"Quality issues are too severe to recognize visual content, it's too blurry to tell what it is, and I can't tell what the problem is."
VizWiz_test_00007281.jpg,A TV is on top of a table with a TV remote in the background.
VizWiz_test_00007282.jpg,A picture of the food is on the packaging.
VizWiz_test_00007283.jpg,"Quality issues are too severe to recognize visual content, it's too blurry to tell what it is."
VizWiz_test_00007284.jpg,A person is wearing a black t-shirt with white lettering on it and a black shirt with white letters.
VizWiz_test_00007285.jpg,"Quality issues are too severe to recognize visual content, it's just a picture of a house with trees and trees in the background."
VizWiz_test_00007286.jpg,"Quality issues are too severe to recognize visual content, it's too blurry to tell what it is."
VizWiz_test_00007287.jpg,"Quality issues are too severe to recognize visual content, it's just a white piece of fabric."
VizWiz_test_00007288.jpg,A plastic container of food is on top of a table.
VizWiz_test_00007289.jpg,"Quality issues are too severe to recognize visual content, it's too blurry to tell what it is."
VizWiz_test_00007290.jpg,"Quality issues are too severe to recognize visual content, it's too blurry to tell what it is."
VizWiz_test_00007291.jpg,"Quality issues are too severe to recognize visual content, it's just a picture of a cell phone on a table with a window in the background."
VizWiz_test_00007292.jpg,A person is holding a pair of blue jeans in their hand.
VizWiz_test_00007293.jpg,A candle is on top of a table with a clock and other objects on it.
VizWiz_test_00007294.jpg,A person is holding a bottle of beer in their hand.
VizWiz_test_00007295.jpg,A bottle of hand sanitizer sitting on a table with a tablecloth in the background.
VizWiz_test_00007296.jpg,A person is holding a bag of chips in their hand.
VizWiz_test_00007297.jpg,"Quality issues are too severe to recognize visual content, it's too blurry to tell what it is."
VizWiz_test_00007298.jpg,"A container / package that contains various goods / edible / liquid items, including a canister / bottle."
VizWiz_test_00007299.jpg,"Quality issues are too severe to recognize visual content, it's too blurry to tell what's in it."
VizWiz_test_00007300.jpg,A can of food is on top of the counter.
VizWiz_test_00007301.jpg,A green box of food is on top of a table.
VizWiz_test_00007302.jpg,A black and white dog is laying on a white blanket.
VizWiz_test_00007303.jpg,A computer screen with a message asking if you want to restore your computer.
VizWiz_test_00007304.jpg,A close up of a black keyboard with white lettering on it.
VizWiz_test_00007305.jpg,A white piece of paper with numbers written on it.
VizWiz_test_00007306.jpg,A can of Coca-Cola is on top of a table.
VizWiz_test_00007307.jpg,A person is holding a can of Pepsi in their hand.
VizWiz_test_00007308.jpg,A large pot of flowers on a table next to a glass of water.
VizWiz_test_00007309.jpg,Quality issues are too severe to recognize visual content.
VizWiz_test_00007310.jpg,A white package of food is on top of a white counter.
VizWiz_test_00007311.jpg,A bottle of lotion is laying on a carpeted floor.
VizWiz_test_00007312.jpg,A package of ground cumin is on top of the table.
VizWiz_test_00007313.jpg,"Quality issues are too severe to recognize visual content, it's too blurry to tell what it is."
VizWiz_test_00007314.jpg,A can of Coca Cola sitting on a wooden table.
VizWiz_test_00007315.jpg,"Quality issues are too severe to recognize visual content, it's too blurry to tell what it is."
VizWiz_test_00007316.jpg,A red and white can of food is on top of a table.
VizWiz_test_00007317.jpg,"Quality issues are too severe to recognize visual content, it's too blurry to tell what it is."
VizWiz_test_00007318.jpg,"Quality issues are too severe to recognize visual content, it's too blurry to tell what it is."
VizWiz_test_00007319.jpg,A computer screen with a picture of a man on the screen and a man in front of it.
VizWiz_test_00007320.jpg,A person is holding a white bottle with a blue label.
VizWiz_test_00007321.jpg,"Quality issues are too severe to recognize visual content, it's too blurry to tell what it is."
VizWiz_test_00007322.jpg,"Quality issues are too severe to recognize visual content, it's just a black and white blanket."
VizWiz_test_00007323.jpg,"Quality issues are too severe to recognize visual content, it's too blurry to read what it says."
VizWiz_test_00007324.jpg,"Quality issues are too severe to recognize visual content, it's just a picture of a blanket."
VizWiz_test_00007325.jpg,A box of food is on top of the table.
VizWiz_test_00007326.jpg,"Quality issues are too severe to recognize visual content, it's just a reflection of something else."
VizWiz_test_00007327.jpg,A package of food is on top of the table.
VizWiz_test_00007328.jpg,"Quality issues are too severe to recognize visual content, it's too close to the camera to tell what it is, and too blurry to recognize what it's."
VizWiz_test_00007329.jpg,A figurine of a man and a woman sitting on a wooden table.
VizWiz_test_00007330.jpg,A bag of chips is on top of a table.
VizWiz_test_00007331.jpg,A computer keyboard is on a desk next to a keyboard.
VizWiz_test_00007332.jpg,A piece of paper is on top of a table with a chair in the background and a chair next to it.
VizWiz_test_00007333.jpg,"Quality issues are too severe to recognize visual content, it's too blurry to read what it is."
VizWiz_test_00007334.jpg,A can of food is on top of the table.
VizWiz_test_00007335.jpg,A carton of milk is on top of the table.
VizWiz_test_00007336.jpg,A bottle of Pepsi is on top of a table.
VizWiz_test_00007337.jpg,A box of medicine is on top of the table.
VizWiz_test_00007338.jpg,A red piece of paper is on top of a white surface.
VizWiz_test_00007339.jpg,"Quality issues are too severe to recognize visual content, it's too blurry to tell what the object is, and the only thing I can tell is that it's a light bulb."
VizWiz_test_00007340.jpg,A person is holding a can of food in their hand.
VizWiz_test_00007341.jpg,"Quality issues are too severe to recognize visual content, it's too blurry to tell what it is."
VizWiz_test_00007342.jpg,A box of food is on top of a person's lap.
VizWiz_test_00007343.jpg,"Quality issues are too severe to recognize visual content, it's a blue and white bag with a blue label on the front of the bag and a blue tag on the back of a blue shirt with white lettering on it."
VizWiz_test_00007344.jpg,A blue box of medicine is on top of a table.
VizWiz_test_00007345.jpg,A computer screen with a blue background and a white background.
VizWiz_test_00007346.jpg,"Quality issues are too severe to recognize visual content, it's too blurry to tell what it is."
VizWiz_test_00007347.jpg,A twenty dollar bill is on top of a table.
VizWiz_test_00007348.jpg,A flower pot is on top of a table with other plants.
VizWiz_test_00007349.jpg,A container of yogurt is on top of a table.
VizWiz_test_00007350.jpg,"Quality issues are too severe to recognize visual content, it's too blurry to tell what it is, and the image is too dark to tell anything else, it just looks like it's a dark room."
VizWiz_test_00007351.jpg,"Quality issues are too severe to recognize visual content, it's just a picture of a black leather wallet with a white case on it."
VizWiz_test_00007352.jpg,"Quality issues are too severe to recognize visual content, it's too blurry to tell what it is."
VizWiz_test_00007353.jpg,A box of food is on top of the table.
VizWiz_test_00007354.jpg,A bag of frozen vegetables is on top of a kitchen counter.
VizWiz_test_00007355.jpg,A blue and white box with a blue and red logo.
VizWiz_test_00007356.jpg,A bottle of diet coke sitting on a wooden table.
VizWiz_test_00007357.jpg,"Quality issues are too severe to recognize visual content, it's too blurry to tell what it is."
VizWiz_test_00007358.jpg,The back of a package of food showing the nutritional information.
VizWiz_test_00007359.jpg,A can of food is on a table next to a bottle of some kind of liquid.
VizWiz_test_00007360.jpg,A black and white dog is sitting on a white blanket.
VizWiz_test_00007361.jpg,A black cell phone with a black screen and a white screen with white letters on it.
VizWiz_test_00007362.jpg,"Quality issues are too severe to recognize visual content, it's too blurry to tell what the object is."
VizWiz_test_00007363.jpg,A close up of a silver and black electronic device with a silver logo on the front.
VizWiz_test_00007364.jpg,A person is holding up a candy bar in their hand.
VizWiz_test_00007365.jpg,A package of frozen food is on top of a kitchen counter.
VizWiz_test_00007366.jpg,A black speaker is sitting on a desk in front of a computer.
VizWiz_test_00007367.jpg,A box of granola bars is on top of a table.
VizWiz_test_00007368.jpg,A person is holding a silver coin in their hand.
VizWiz_test_00007369.jpg,A bottle of liquid is on top of the table.
VizWiz_test_00007370.jpg,A person is holding a pink pillow in their lap.
VizWiz_test_00007371.jpg,A person is holding up a black and silver can of Kroger brand pepper spray.
VizWiz_test_00007372.jpg,"Quality issues are too severe to recognize visual content, it's too blurry to tell what it is."
VizWiz_test_00007373.jpg,"Quality issues are too severe to recognize visual content, it's just a picture of a cd."
VizWiz_test_00007374.jpg,A piece of paper with a picture of a bird on it.
VizWiz_test_00007375.jpg,A box of food is on top of the table.
VizWiz_test_00007376.jpg,A package of Kool-Aid is on top of the table.
VizWiz_test_00007377.jpg,"Quality issues are too severe to recognize visual content, it's too blurry to tell what it is, but it's nice to see what the object is, and it's clear that it's made of metal."
VizWiz_test_00007378.jpg,A package of beef jerky is on top of a counter.
VizWiz_test_00007379.jpg,"Quality issues are too severe to recognize visual content, it's just a white piece of fabric."
VizWiz_test_00007380.jpg,"Quality issues are too severe to recognize visual content, it's too blurry to tell what it is."
VizWiz_test_00007381.jpg,"Quality issues are too severe to recognize visual content, it's too blurry to tell what it is."
VizWiz_test_00007382.jpg,A person is holding a bag of potato chips in their hand.
VizWiz_test_00007383.jpg,A person is holding a package of hot pockets in their hand.
VizWiz_test_00007384.jpg,A package of food is on top of a table.
VizWiz_test_00007385.jpg,A clear plastic container with a black lid is on top of a white bed.
VizWiz_test_00007386.jpg,"Quality issues are too severe to recognize visual content, it's too blurry to tell what it is."
VizWiz_test_00007387.jpg,"Quality issues are too severe to recognize visual content, it's too blurry to tell what it is."
VizWiz_test_00007388.jpg,A can of cherry tomatoes is on top of a table.
VizWiz_test_00007389.jpg,Quality issues are too severe to recognize visual content.
VizWiz_test_00007390.jpg,A box of food is on top of the table.
VizWiz_test_00007391.jpg,"Quality issues are too severe to recognize visual content, it's too blurry to tell what it is."
VizWiz_test_00007392.jpg,A brown dog is sitting on the floor in front of a white door.
VizWiz_test_00007393.jpg,"Quality issues are too severe to recognize visual content, it's too blurry to tell what it is."
VizWiz_test_00007394.jpg,A person is standing in front of a desk with a computer and a computer monitor.
VizWiz_test_00007395.jpg,"Quality issues are too severe to recognize visual content, it's too blurry to tell what it is."
VizWiz_test_00007396.jpg,"Quality issues are too severe to recognize visual content, it's too blurry to tell what it is."
VizWiz_test_00007397.jpg,"Quality issues are too severe to recognize visual content, it's just a picture of a person wearing a red shirt and a black shirt with a red and white flower on it and a person in the background with a black and white striped shirt and black pants in front of them."
VizWiz_test_00007398.jpg,A can of Sprite is on top of the table.
VizWiz_test_00007399.jpg,A person is wearing a blue shirt with a red and white logo on the front.
VizWiz_test_00007400.jpg,A green book with a picture of a woman on the cover.
VizWiz_test_00007401.jpg,A box of chocolate bars is on top of the table.
VizWiz_test_00007402.jpg,A can of food is on top of a wooden table.
VizWiz_test_00007403.jpg,A red pen is on top of a wooden table.
VizWiz_test_00007404.jpg,"Quality issues are too severe to recognize visual content, it's just a reflection of the camera lens and not the object."
VizWiz_test_00007405.jpg,"Quality issues are too severe to recognize visual content, it's too blurry to tell what it is."
VizWiz_test_00007406.jpg,"Quality issues are too severe to recognize visual content, it's too blurry to tell what it is."
VizWiz_test_00007407.jpg,"Quality issues are too severe to recognize visual content, it's just a picture of a flower on a blue background and a white background with a black background and white text."
VizWiz_test_00007408.jpg,"Quality issues are too severe to recognize visual content, it's too blurry to tell what it is."
VizWiz_test_00007409.jpg,"Quality issues are too severe to recognize visual content, it's too close to the camera to tell what it is, and too blurry to recognize what it's."
VizWiz_test_00007410.jpg,"Quality issues are too severe to recognize visual content, it's just a picture of a pile of papers on a table."
VizWiz_test_00007411.jpg,A white stove with a black stove top and a white stove top.
VizWiz_test_00007412.jpg,"Quality issues are too severe to recognize visual content, it's too blurry to tell what it is, and it's impossible to determine what the object is, but it's clear that it's an electronic device with a digital display and digital display on it, and the digital display is black and white."
VizWiz_test_00007413.jpg,A can of soda is on top of a counter.
VizWiz_test_00007414.jpg,"Quality issues are too severe to recognize visual content, it's just a grey piece of fabric."
VizWiz_test_00007415.jpg,"Quality issues are too severe to recognize visual content, it's too out of frame to tell what it is, and too blurry to tell if it's a building, but it's not clear what the building is and what it's meant to be, so I'm not sure what this building is, but I can tell it's part of a building that has a lot of trash cans and trash cans in it, and there's also a trash can in the back of the building, and it's in a parking lot, and the trash can is in front of the trash cans, and in the parking lot there is a lot that has trash bags and trash bags in the background, and a trash bag is next to the trash bin, and I can't see anything else in the yard, but there is some trash cans on the ground, and some trash bags are in the foreground, and someone is standing in the corner of the lot, with trash bags on the outside of the yard."
VizWiz_test_00007416.jpg,A person is holding a package of food in their hand.
VizWiz_test_00007417.jpg,A person is standing on the floor in front of a box of toilet paper.
VizWiz_test_00007418.jpg,"Quality issues are too severe to recognize visual content, it's too blurry to tell what it is."
VizWiz_test_00007419.jpg,A bottle of some sort of liquid is on a table.
VizWiz_test_00007420.jpg,A laptop computer with a black screen and a white keyboard.
VizWiz_test_00007421.jpg,"Quality issues are too severe to recognize visual content, it's just a picture of a black screen."
VizWiz_test_00007422.jpg,A black and white bug is laying on a white surface.
VizWiz_test_00007423.jpg,A person is holding a digital clock with a digital display on it.
VizWiz_test_00007424.jpg,A bag of potato chips is on top of a table.
VizWiz_test_00007425.jpg,"Quality issues are too severe to recognize visual content, it's too blurry to tell what it is."
VizWiz_test_00007426.jpg,"Quality issues are too severe to recognize visual content, it's too blurry to tell what the object is."
VizWiz_test_00007427.jpg,A package of food is on top of a person's lap.
VizWiz_test_00007428.jpg,A box of Marie Callender's frozen dinner is sitting on a table.
VizWiz_test_00007429.jpg,"Quality issues are too severe to recognize visual content, it's too blurry to tell what the product is, but it's not clear what it is, and the product has a red and white label."
VizWiz_test_00007430.jpg,A white piece of paper with black text on it and a picture of a horse on the front.
VizWiz_test_00007431.jpg,A can of soda is on top of a wooden table.
VizWiz_test_00007432.jpg,A person is holding up a bottle of ginger ale in front of a kitchen counter.
VizWiz_test_00007433.jpg,"Quality issues are too severe to recognize visual content, it's too out of frame to read what it is, and the image is too blurry to recognize what the object is, but it's worth seeing at all times, and it's hard to tell if it's food or drink, but I think it's a food item that is in a container, and I'm looking at a picture of a bowl of food on a wooden table, and there are a few other items on the table, but there are too many items in the picture to make out."
VizWiz_test_00007434.jpg,A person is wearing a black and white hat with a white and black logo.
VizWiz_test_00007435.jpg,A red can of coca cola sitting on a white surface.
VizWiz_test_00007436.jpg,A bottle of water is sitting on top of a table.
VizWiz_test_00007437.jpg,A close up of a silver laptop keyboard with black keys and a black keyboard on the bottom of the keyboard.
VizWiz_test_00007438.jpg,"Quality issues are too severe to recognize visual content, it's too blurry to tell what it is."
VizWiz_test_00007439.jpg,A black and white cat is laying on the floor.
VizWiz_test_00007440.jpg,A person is holding a red box with a red label.
VizWiz_test_00007441.jpg,A bottle of water is on top of a table.
VizWiz_test_00007442.jpg,"Quality issues are too severe to recognize visual content, it's too blurry to tell what it is."
VizWiz_test_00007443.jpg,A TV is on top of a bed with a bed in the background and a TV on the bed.
VizWiz_test_00007444.jpg,A carton of orange juice is on top of a table.
VizWiz_test_00007445.jpg,A white pregnancy test with a red line running across the screen.
VizWiz_test_00007446.jpg,A container of tea is on top of a counter.
VizWiz_test_00007447.jpg,"Quality issues are too severe to recognize visual content, it's too blurry to read anything else."
VizWiz_test_00007448.jpg,A package of food is on top of a table.
VizWiz_test_00007449.jpg,A bag of blueberry muffin mix is on top of a table.
VizWiz_test_00007450.jpg,A silver crock pot is on top of a black stove.
VizWiz_test_00007730.jpg,A person is holding up a DVD case in front of a window.
VizWiz_test_00007731.jpg,A black electronic device is on top of a white table.
VizWiz_test_00007732.jpg,A clear glass with a clear liquid inside of it sake nice s lovely life love sa.
VizWiz_test_00007733.jpg,"Quality issues are too severe to recognize visual content, it's too blurry to tell what it is, and it's not clear what the object is, but it looks like it could be a car or a building or a house or something else."
VizWiz_test_00007734.jpg,A box of food is on top of the counter.
VizWiz_test_00007735.jpg,"A red, white, and black striped shirt with a red and white logo."
VizWiz_test_00007736.jpg,A person is holding a black dog in front of a white door with a blue and white dog in the background.
VizWiz_test_00007737.jpg,A silver crock pot is on top of a countertop.
VizWiz_test_00007738.jpg,A package of peanut butter cookies is on top of a table.
VizWiz_test_00007739.jpg,A car is parked in the driveway of a house.
VizWiz_test_00007740.jpg,A close up of the control panel of an air conditioner.
VizWiz_test_00007741.jpg,"Quality issues are too severe to recognize visual content, it's too blurry to tell what it is."
VizWiz_test_00007742.jpg,A box of food is on top of a wooden table.
VizWiz_test_00007743.jpg,A person is holding a small round object in their left hand.
VizWiz_test_00007744.jpg,"Quality issues are too severe to recognize visual content, it's too blurry to tell what the problem is."
VizWiz_test_00007745.jpg,"Quality issues are too severe to recognize visual content, it's just a picture of a ceiling fan."
VizWiz_test_00007746.jpg,A package of food is on top of a wooden table.
VizWiz_test_00007747.jpg,A box of Hamburger Helper is on top of a table.
VizWiz_test_00007748.jpg,"A container / package that contains various goods / edible / liquid items, including a beverage / liquid item, with a picture of the product on the front."
VizWiz_test_00007749.jpg,A wooden chair is on a wooden floor next to a wooden table.
VizWiz_test_00007750.jpg,A white electronic device with a black button and a white button on the bottom.
VizWiz_test_00007751.jpg,"Quality issues are too severe to recognize visual content, it's too blurry to read what it is."
VizWiz_test_00007752.jpg,A can of Campbell's chunky soup sitting on a person's lap.
VizWiz_test_00007753.jpg,A person is holding a box of instant oatmeal.
VizWiz_test_00007754.jpg,A box of chicken noodle soup is on top of a table.
VizWiz_test_00007755.jpg,"Quality issues are too severe to recognize visual content, it's just a picture of a person's hand holding a small object in front of a white wall with a blue background and a white background with a black background and white text on it."
VizWiz_test_00007756.jpg,A close up of a microwave oven showing the time and the time.
VizWiz_test_00007757.jpg,A can of food is on top of the counter.
VizWiz_test_00007758.jpg,A close up of a silver watch on a man's wrist.
VizWiz_test_00007759.jpg,"Quality issues are too severe to recognize visual content, it's just a picture of a black screen."
VizWiz_test_00007760.jpg,A can of food is on top of a wooden table.
VizWiz_test_00007761.jpg,A box of hot dogs is on top of the table.
VizWiz_test_00007762.jpg,"Quality issues are too severe to recognize visual content, it's too blurry to read anything."
VizWiz_test_00007763.jpg,A bottle of lotion is on top of a table.
VizWiz_test_00007764.jpg,"Quality issues are too severe to recognize visual content, it's just a picture of a house."
VizWiz_test_00007765.jpg,"Quality issues are too severe to recognize visual content, it's too close to the camera to tell what it is, and too blurry to recognize what it's."
VizWiz_test_00007766.jpg,"Quality issues are too severe to recognize visual content, it's too blurry to tell what it is."
VizWiz_test_00007767.jpg,"Quality issues are too severe to recognize visual content, it's too blurry to read what it is."
VizWiz_test_00007768.jpg,A person is holding a white cordless phone in their lap.
VizWiz_test_00007769.jpg,"Quality issues are too severe to recognize visual content, it's too blurry to read what it is."
VizWiz_test_00007770.jpg,"Quality issues are too severe to recognize visual content, it's too blurry to read what it says."
VizWiz_test_00007771.jpg,A blue ball on top of a wooden surface.
VizWiz_test_00007772.jpg,A package of frozen food is on top of a counter.
VizWiz_test_00007773.jpg,A person is holding a container of food with a label.
VizWiz_test_00007774.jpg,"Quality issues are too severe to recognize visual content, it's too blurry to tell what it is, and the image is too blurred to tell anything else, it just looks like someone is wearing a white shirt."
VizWiz_test_00007775.jpg,"Quality issues are too severe to recognize visual content, it's too blurry to read what it is."
VizWiz_test_00007776.jpg,"Quality issues are too severe to recognize visual content, it's too blurry to read anything else."
VizWiz_test_00007777.jpg,"Quality issues are too severe to recognize visual content, it's too blurry to tell what the problem is, and it's impossible to determine what it is, but it's clear that it's not a problem because it's just a sign that someone is going to be nice to you and you can't tell what they're going to do to you."
VizWiz_test_00007778.jpg,A dog is sitting on the floor in a living room with a TV in the background and a dog in front of it.
VizWiz_test_00007779.jpg,A black and white t-shirt with a floral design on it.
VizWiz_test_00007780.jpg,A close up of a white t-shirt with a white label on it.
VizWiz_test_00007781.jpg,A bottle of cleaner is on top of a table.
VizWiz_test_00007782.jpg,"Quality issues are too severe to recognize visual content, it's too blurry to tell what it is."
VizWiz_test_00007783.jpg,"Quality issues are too severe to recognize visual content, it's just a picture of a box of tissues."
VizWiz_test_00007784.jpg,"Quality issues are too severe to recognize visual content, it's too blurry to tell what it is."
VizWiz_test_00007785.jpg,A pair of black headphones sitting on a bed with a white sheet.
VizWiz_test_00007786.jpg,A black dog is laying down on a bed with a white blanket and a white dog in the background.
VizWiz_test_00007787.jpg,The back of a black and silver package of an electronic device.
VizWiz_test_00007788.jpg,"Quality issues are too severe to recognize visual content, it's too blurry to tell what it is."
VizWiz_test_00007789.jpg,A black dog is standing on the ground in front of a white door.
VizWiz_test_00007790.jpg,"Quality issues are too severe to recognize visual content, it's just a picture of a box of food with a red and yellow label."
VizWiz_test_00007791.jpg,A jar of pickles is on top of a table.
VizWiz_test_00007792.jpg,A close up of a black keyboard with white lettering on it.
VizWiz_test_00007793.jpg,"Quality issues are too severe to recognize visual content, it's too blurry to see anything else."
VizWiz_test_00007794.jpg,A picture of a dog is on the cover of a newspaper.
VizWiz_test_00007795.jpg,"Quality issues are too severe to recognize visual content, it's too blurry to tell what it is."
VizWiz_test_00007796.jpg,A Keurig K-cup of Green Mountain Coffee is on a table.
VizWiz_test_00007797.jpg,"A piece of fabric with green, yellow, and blue flowers on it."
VizWiz_test_00007798.jpg,A microwaveable meal is on top of a wooden table.
VizWiz_test_00007799.jpg,"Quality issues are too severe to recognize visual content, it's too blurry to tell what the product is, but it's not clear what it is, and it has a barcode and barcode."
VizWiz_test_00007800.jpg,"Quality issues are too severe to recognize visual content, it's too blurry to tell what it is, and it's not clear what the object is, but it looks like it could be some kind of fabric or something."
VizWiz_test_00007801.jpg,"A person is holding a box of Kraft macaroni and cheese in their left hand, the box has a barcode on it, and the barcode is on the back of the box, and it says Kraft Macaroni & Cheese in blue and white, with a bar code on the front of it, the bar code is on top of a wooden surface."
VizWiz_test_00007802.jpg,"Quality issues are too severe to recognize visual content, it's too blurry to tell what it is."
VizWiz_test_00007803.jpg,A container / package that contains various goods / edible / liquid items / goods that can be used to make / edible items / edible/ liquid items.
VizWiz_test_00007804.jpg,A person is standing on a scale with their feet crossed.
VizWiz_test_00007805.jpg,A box of frozen food is on top of a table.
VizWiz_test_00007806.jpg,A person is holding a cup of coffee in their hand.
VizWiz_test_00007807.jpg,A box of frozen food is on top of a table.
VizWiz_test_00007808.jpg,A can of Campbell's tomato soup with a red and white label.
VizWiz_test_00007809.jpg,"Quality issues are too severe to recognize visual content, it's too blurry to tell what it is."
VizWiz_test_00007810.jpg,A box of candy is on top of a bed.
VizWiz_test_00007811.jpg,A box of frozen dinner is on top of a table.
VizWiz_test_00007812.jpg,A person is holding up a box of Harry Potter DVDs.
VizWiz_test_00007813.jpg,A person is sitting on a bed with a sheet of paper on it.
VizWiz_test_00007814.jpg,"Quality issues are too severe to recognize visual content, it's too blurry to see anything else."
VizWiz_test_00007815.jpg,"Quality issues are too severe to recognize visual content, it's just a picture of a kitchen with a TV in the background."
VizWiz_test_00007816.jpg,"Quality issues are too severe to recognize visual content, it's too blurry to tell what it is, and it looks like it could be some type of green fabric."
VizWiz_test_00007817.jpg,A person is holding a bottle of medicine in their hand.
VizWiz_test_00007818.jpg,A person is holding a box of food in their hand.
VizWiz_test_00007819.jpg,A screenshot of a computer screen showing a captcha on the screen.
VizWiz_test_00007820.jpg,A clear plastic water bottle is sitting on a counter top.
VizWiz_test_00007821.jpg,"Quality issues are too severe to recognize visual content, it's just a picture of a house."
VizWiz_test_00007822.jpg,"Quality issues are too severe to recognize visual content, it's too blurry to tell what it is."
VizWiz_test_00007823.jpg,A package of food is on top of the table.
VizWiz_test_00007824.jpg,"Quality issues are too severe to recognize visual content, it's too close to the camera to tell what it is, and it's not clear what the object is."
VizWiz_test_00007825.jpg,A bed with a white blanket and a red pillow on it.
VizWiz_test_00007826.jpg,"Quality issues are too severe to recognize visual content, it's just a picture of a woman in a red dress and a TV screen with a man in a white dress and black dress with a woman on the front of it."
VizWiz_test_00007827.jpg,A black cell phone is laying on a person's lap with a pink shirt and a black phone in the background.
VizWiz_test_00007828.jpg,"Quality issues are too severe to recognize visual content, it's too blurry to tell what it is, and it's not clear what the product is, but I can't see what it's, but it's a tube of something."
VizWiz_test_00007829.jpg,"Quality issues are too severe to recognize visual content, it's just a reflection of the sun."
VizWiz_test_00007830.jpg,Quality issues are too severe to recognize visual content.
VizWiz_test_00007831.jpg,A blue ball of yarn is laying on top of a white surface.
VizWiz_test_00007832.jpg,"Quality issues are too severe to recognize visual content, it's too blurry to tell what it is, and it's hard to tell if it's a piece of fabric."
VizWiz_test_00007833.jpg,A person is holding a package of food in their hand.
VizWiz_test_00007834.jpg,A black and white cat is laying on the floor.
VizWiz_test_00007835.jpg,A can of Campbell's cream of mushroom soup sitting on a counter top with a white stove top.
VizWiz_test_00007836.jpg,A person is holding a box with a yellow and green label.
VizWiz_test_00007837.jpg,A black and white cat is laying on a white blanket.
VizWiz_test_00007838.jpg,A package of frozen meat is on top of a table.
VizWiz_test_00007839.jpg,A picture of the food is on the packaging and has a picture of a dog on the front of the packaging with the word dog on it on the back of the package with the words dog and dog in the title and description on the package.
VizWiz_test_00007840.jpg,A TV is on top of a table with a TV on it and a TV in the background.
VizWiz_test_00007841.jpg,"Quality issues are too severe to recognize visual content, it's too blurry to tell what it is."
VizWiz_test_00007842.jpg,A can of coffee is on top of a person's lap.
VizWiz_test_00007843.jpg,"Quality issues are too severe to recognize visual content, it's too blurry to tell what it is."
VizWiz_test_00007844.jpg,"A container/ box / bottle that contains various goods / edible / liquid items, including milk / dairy / lactose / dairy-free / gluten free / dairy free / lacto-free."
VizWiz_test_00007845.jpg,"Quality issues are too severe to recognize visual content, it's too blurry to tell what the object is."
VizWiz_test_00007846.jpg,A box of frozen food is on top of a table.
VizWiz_test_00007847.jpg,"Quality issues are too severe to recognize visual content, it's too blurry to tell what it is."
VizWiz_test_00007848.jpg,A box of Marie Callender's frozen food with a picture of the food on the front.
VizWiz_test_00007849.jpg,A twenty dollar bill with a picture of a woman on it.
VizWiz_test_00007850.jpg,"Quality issues are too severe to recognize visual content, it's just a picture of a house with a tree and trees in the background."
VizWiz_test_00007851.jpg,A close up of a white button up shirt with a zipper.
VizWiz_test_00007852.jpg,A box of frozen food is on top of a table.
VizWiz_test_00007853.jpg,A remote control for a TV is on top of a bed.
VizWiz_test_00007854.jpg,A wooden dining table with a wooden chair and a wooden table.
VizWiz_test_00007855.jpg,"Quality issues are too severe to recognize visual content, it's too blurry to tell what it is."
VizWiz_test_00007856.jpg,"Quality issues are too severe to recognize visual content, it's too blurry to tell what it is."
VizWiz_test_00007857.jpg,"Quality issues are too severe to recognize visual content, it's too blurry to tell what it is, and too blurry for visual content to tell anything else in the image."
VizWiz_test_00007858.jpg,A white plate with a white plate on it and a black plate on top of it.
VizWiz_test_00007859.jpg,Quality issues are too severe to recognize visual content.
VizWiz_test_00007860.jpg,A computer screen with multiple choice questions on it.
VizWiz_test_00007861.jpg,A blue and white striped ball cap with a blue and yellow stripe.
VizWiz_test_00007862.jpg,A container of yogurt is on top of the counter.
VizWiz_test_00007863.jpg,A green and white bag with a picture of flowers on it.
VizWiz_test_00007864.jpg,A red and white striped polo shirt is laid out on a bed.
VizWiz_test_00007865.jpg,A purple and pink pill bottle on a bed with a pink pillow in the background.
VizWiz_test_00007866.jpg,A person is holding a bag of chips in their hand.
VizWiz_test_00007867.jpg,A white door with a white handle and a black handle.
VizWiz_test_00007868.jpg,A glass bottle of salt and pepper sitting on a wooden table.
VizWiz_test_00007869.jpg,A twenty dollar bill is on top of a table.
VizWiz_test_00007870.jpg,"Quality issues are too severe to recognize visual content, it's too blurry to tell what it is."
VizWiz_test_00007871.jpg,A bottle of cleaner is on top of a table.
VizWiz_test_00007872.jpg,"Quality issues are too severe to recognize visual content, it's too blurry to read what it is."
VizWiz_test_00007873.jpg,A pink and white striped dress is on top of a white bed sheet.
VizWiz_test_00007874.jpg,"Quality issues are too severe to recognize visual content, it's just a picture of a man wearing a red shirt and a black and white shirt with a man on the front of it."
VizWiz_test_00007875.jpg,A red candle is on top of a wooden table.
VizWiz_test_00007876.jpg,"Quality issues are too severe to recognize visual content, it's too blurry to tell what it is."
VizWiz_test_00007877.jpg,A piece of paper currency is on top of a wooden table.
VizWiz_test_00007878.jpg,A bottle of medicine is on top of a tablecloth.
VizWiz_test_00007879.jpg,A tube of lotion is on top of a table.
VizWiz_test_00007880.jpg,A can of food is on top of a wooden table.
VizWiz_test_00007881.jpg,"Quality issues are too severe to recognize visual content, it's too blurry to read what it is."
VizWiz_test_00007882.jpg,"Quality issues are too severe to recognize visual content, it's just a white piece of fabric."
VizWiz_test_00007883.jpg,"Quality issues are too severe to recognize visual content, it's too blurry to read anything else."
VizWiz_test_00007884.jpg,A bottle of laundry detergent is on top of a table.
VizWiz_test_00007885.jpg,A person is holding a bottle of Ibuprofen with a white and blue label.
VizWiz_test_00007886.jpg,A person is holding a bottle of beer in front of a window with a window in the background and a person's hand holding a small bottle of whiskey.
VizWiz_test_00007887.jpg,A person is holding a container of yogurt in their hand.
VizWiz_test_00007888.jpg,"Quality issues are too severe to recognize visual content, it's too blurry to tell what it is."
VizWiz_test_00007889.jpg,A white piece of fruit is on top of a wooden table.
VizWiz_test_00007890.jpg,"Quality issues are too severe to recognize visual content, it's just a reflection of a white background."
VizWiz_test_00007891.jpg,"Quality issues are too severe to recognize visual content, it's too blurry to read what it is."
VizWiz_test_00007892.jpg,A bed with a picture of a soccer team on it and a blue shirt hanging on the wall.
VizWiz_test_00007893.jpg,"Quality issues are too severe to recognize visual content, it's too blurry to tell what it is."
VizWiz_test_00007894.jpg,"Quality issues are too severe to recognize visual content, it's too blurry to see anything else."
VizWiz_test_00007940.jpg,A person is holding a can of soda in their hand.
VizWiz_test_00007941.jpg,A person is holding up a bottle of orange juice.
VizWiz_test_00007942.jpg,"Quality issues are too severe to recognize visual content, it's too blurry to tell what it is, and it's hard to determine what the object is, but it looks like it could be some sort of fabric or something."
VizWiz_test_00007943.jpg,A box of frozen food is on top of a table.
VizWiz_test_00007944.jpg,"Quality issues are too severe to recognize visual content, it's too blurry to tell what it is."
VizWiz_test_00007945.jpg,"Quality issues are too severe to recognize visual content, it's too blurry to tell what it is."
VizWiz_test_00007946.jpg,A close up of a black and red box of crackers.
VizWiz_test_00007947.jpg,"Quality issues are too severe to recognize visual content, it's just a blur of light."
VizWiz_test_00007948.jpg,A can of pineapple juice is on top of a table.
VizWiz_test_00007949.jpg,A piece of paper with numbers on it and a number pad on top of it.
VizWiz_test_00007950.jpg,A bottle of lemonade is on top of a counter.
VizWiz_test_00007951.jpg,"Quality issues are too severe to recognize visual content, it's too close to the camera to see anything else in the room, and the door is too wide to see through the window."
VizWiz_test_00007952.jpg,"Quality issues are too severe to recognize visual content, it's just a picture of a CD."
VizWiz_test_00007953.jpg,"Quality issues are too severe to recognize visual content, it's too blurry to read what it is, and the image is too close to the camera to tell what it's meant to be."
VizWiz_test_00007954.jpg,A car is parked in front of a parking lot with a sign on the side of it.
VizWiz_test_00007955.jpg,A bag of potato chips is on top of a counter.
VizWiz_test_00007956.jpg,A box of granola bars is on top of a table.
VizWiz_test_00007957.jpg,A white piece of paper with black lettering on it.
VizWiz_test_00007958.jpg,"A close up of a blue, white, and blue logo on a piece of fabric."
VizWiz_test_00007959.jpg,A remote control for a television is on a person's lap.
VizWiz_test_00007960.jpg,A box of tea is on top of a wooden table.
VizWiz_test_00007961.jpg,"Quality issues are too severe to recognize visual content, it's too blurry to tell what it is."
VizWiz_test_00007962.jpg,A t-shirt is laying on a bed with a floral pattern on the front.
VizWiz_test_00007963.jpg,A can of tomatoes is on top of the table.
VizWiz_test_00007964.jpg,"Quality issues are too severe to recognize visual content, it's just a blur of light in the background."
VizWiz_test_00007965.jpg,A black laptop computer with a white keyboard and a black screen.
VizWiz_test_00007966.jpg,"Quality issues are too severe to recognize visual content, it's too blurry to tell what it is."
VizWiz_test_00007967.jpg,Quality issues are too severe to recognize visual content.
VizWiz_test_00007968.jpg,A black t-shirt with a picture of a black man on it.
VizWiz_test_00007969.jpg,"Quality issues are too severe to recognize visual content, it's too blurry to tell what it is."
VizWiz_test_00007970.jpg,"Quality issues are too severe to recognize visual content, it's too blurry to tell what it is."
VizWiz_test_00007971.jpg,A box of orange juice is on top of a table.
VizWiz_test_00007972.jpg,A package of ground beef is on top of the table.
VizWiz_test_00007973.jpg,"Quality issues are too severe to recognize visual content, it's too blurry to tell what's in the image."
VizWiz_test_00007974.jpg,A computer screen with a blue background and a white background.
VizWiz_test_00007975.jpg,A person is holding a blue plastic container in their hand.
VizWiz_test_00007976.jpg,"Quality issues are too severe to recognize visual content, it's too blurry to read what it is."
VizWiz_test_00007977.jpg,"Quality issues are too severe to recognize visual content, it's too blurry to tell what it is."
VizWiz_test_00007978.jpg,"Quality issues are too severe to recognize visual content, it's just a screenshot of a computer screen with a blue background and a white background with a black background and white text on the bottom."
VizWiz_test_00007979.jpg,"Quality issues are too severe to recognize visual content, it's too blurry to tell what it is."
VizWiz_test_00007980.jpg,"Quality issues are too severe to recognize visual content, it's too blurry to tell what it is."
VizWiz_test_00007981.jpg,A can of soda is sitting on a desk next to a computer keyboard.
VizWiz_test_00007982.jpg,"Quality issues are too severe to recognize visual content, it's just a picture of a computer screen."
VizWiz_test_00007983.jpg,"Quality issues are too severe to recognize visual content, it's too blurry to read anything else."
VizWiz_test_00007984.jpg,A black computer screen with white text and black text.
VizWiz_test_00007985.jpg,A laptop screen with a black screen and a white keyboard.
VizWiz_test_00007986.jpg,"Quality issues are too severe to recognize visual content, it's just a screenshot of a computer screen."
VizWiz_test_00007987.jpg,A computer screen with a blue background and a white background.
VizWiz_test_00007988.jpg,"Quality issues are too severe to recognize visual content, it's just a screenshot of a computer screen."
VizWiz_test_00007989.jpg,A piece of paper with a math problem on it and a math question on top of it.
VizWiz_test_00007990.jpg,A person is holding up a box of frozen food.
VizWiz_test_00007991.jpg,"Quality issues are too severe to recognize visual content, it's too blurry to tell what's in the image, and it's not clear what the object is, but it looks like someone is sitting in a room with a chair, and there's a chair in the background."
VizWiz_test_00007992.jpg,A package of coffee is on top of a table.
VizWiz_test_00007993.jpg,A computer screen showing a website with a captcha on the screen.
VizWiz_test_00007994.jpg,A room with a TV on and a TV in the background.
VizWiz_test_00007995.jpg,A computer screen with a message asking if you want to restore your computer or to restore the computer.
VizWiz_test_00007996.jpg,"Quality issues are too severe to recognize visual content, it's too blurry to tell what it is."
VizWiz_test_00007997.jpg,A computer screen with a screen showing a captcha and a message.
VizWiz_test_00007998.jpg,A person is holding a box of some kind of electronic device.
VizWiz_test_00007999.jpg,A close up of a menu for a restaurant with a list of menu options.
